month,debit_balances_musd,free_credit_cash_musd,free_credit_margin_musd,net_margin_debt_musd,debit_yoy_pct
1997-01-01,103337,68856,,,
1997-02-01,103886,67058,,,
1997-03-01,104835,69553,,,
1997-04-01,102842,64825,,,
1997-05-01,111097,66879,,,
1997-06-01,118843,72422,,,
1997-07-01,121090,73714,,,
1997-08-01,124404,71211,,,
1997-09-01,131962,73087,,,
1997-10-01,134491,80287,,,
1997-11-01,132741,77259,,,
1997-12-01,131560,88590,,,
1998-01-01,132912,83362,,,28.62
1998-02-01,141328,81932,,,36.04
1998-03-01,146536,85580,,,39.78
1998-04-01,146589,85771,,,42.54
1998-05-01,150293,80174,,,35.28
1998-06-01,154357,87891,,,29.88
1998-07-01,160980,92687,,,32.94
1998-08-01,155879,100093,,,25.3
1998-09-01,144541,103879,,,9.53
1998-10-01,138399,108179,,,2.91
1998-11-01,148697,108032,,,12.02
1998-12-01,148674,111507,,,13.01
1999-01-01,162322,107200,,,22.13
1999-02-01,162909,109523,,,15.27
1999-03-01,166212,109941,,,13.43
1999-04-01,184329,112290,,,25.75
1999-05-01,189950,114271,,,26.39
1999-06-01,187695,116982,,,21.6
1999-07-01,189503,115017,,,17.72
1999-08-01,187616,117149,,,20.36
1999-09-01,189741,121207,,,31.27
1999-10-01,194259,123457,,,40.36
1999-11-01,218304,131786,,,46.81
1999-12-01,241967,146582,,,62.75
2000-01-01,260409,148567,,,60.43
2000-02-01,284206,153540,,,74.46
2000-03-01,299933,168002,,,80.45
2000-04-01,268716,156868,,,45.78
2000-05-01,256862,153843,,,35.23
2000-06-01,264471,153050,,,40.9
2000-07-01,263729,163050,,,39.17
2000-08-01,265166,156775,,,41.33
2000-09-01,270208,160964,,,42.41
2000-10-01,250965,172738,,,29.19
2000-11-01,237913,186459,,,8.98
2000-12-01,210385,198179,,,-13.05
2001-01-01,208687,187225,,,-19.86
2001-02-01,198887,193266,,,-30.02
2001-03-01,174797,198581,,,-41.72
2001-04-01,176096,191145,,,-34.47
2001-05-01,183041,183493,,,-28.74
2001-06-01,179585,187602,,,-32.1
2001-07-01,173680,185100,,,-34.14
2001-08-01,169316,191219,,,-36.15
2001-09-01,157931,211281,,,-41.55
2001-10-01,152367,187012,,,-39.29
2001-11-01,159440,188441,,,-32.98
2001-12-01,160473,197424,,,-23.72
2002-01-01,160906,189841,,,-22.9
2002-02-01,154931,186919,,,-22.1
2002-03-01,160089,180578,,,-8.41
2002-04-01,159072,175730,,,-9.67
2002-05-01,157802,173395,,,-13.79
2002-06-01,153972,178744,,,-14.26
2002-07-01,143905,183326,,,-17.14
2002-08-01,139146,174995,,,-17.82
2002-09-01,136107,180997,,,-13.82
2002-10-01,138647,181069,,,-9.0
2002-11-01,139472,176062,,,-12.52
2002-12-01,139451,184715,,,-13.1
2003-01-01,141391,179528,,,-12.13
2003-02-01,140516,179925,,,-9.3
2003-03-01,144267,176955,,,-9.88
2003-04-01,143237,168756,,,-9.95
2003-05-01,153725,178946,,,-2.58
2003-06-01,168281,190026,,,9.29
2003-07-01,174427,199973,,,21.21
2003-08-01,167200,188112,,,20.16
2003-09-01,171194,189826,,,25.78
2003-10-01,175428,191554,,,26.53
2003-11-01,182587,184899,,,30.91
2003-12-01,181459,199297,,,30.12
2004-01-01,189429,198628,,,33.98
2004-02-01,190448,200323,,,35.53
2004-03-01,191451,203953,,,32.71
2004-04-01,198778,217992,,,38.78
2004-05-01,193843,219640,,,26.1
2004-06-01,193993,220781,,,15.28
2004-07-01,187844,220196,,,7.69
2004-08-01,187828,217945,,,12.34
2004-09-01,193668,220860,,,13.13
2004-10-01,197999,218090,,,12.87
2004-11-01,211012,223928,,,15.57
2004-12-01,217573,238192,,,19.9
2005-01-01,220122,230624,,,16.2
2005-02-01,223155,224392,,,17.17
2005-03-01,226876,234533,,,18.5
2005-04-01,217447,223839,,,9.39
2005-05-01,219404,224933,,,13.19
2005-06-01,224153,234352,,,15.55
2005-07-01,233585,224242,,,24.35
2005-08-01,231400,225410,,,23.2
2005-09-01,244669,238929,,,26.33
2005-10-01,239868,243174,,,21.15
2005-11-01,242904,241695,,,15.11
2005-12-01,244098,263205,,,12.19
2006-01-01,255795,255819,,,16.21
2006-02-01,249609,257573,,,11.85
2006-03-01,259370,258928,,,14.32
2006-04-01,265164,259342,,,21.94
2006-05-01,255608,264307,,,16.5
2006-06-01,251495,280275,,,12.2
2006-07-01,256016,269376,,,9.6
2006-08-01,249368,269423,,,7.76
2006-09-01,261769,268612,,,6.99
2006-10-01,267710,267462,,,11.61
2006-11-01,294899,290910,,,21.41
2006-12-01,303288,299023,,,24.25
2007-01-01,311506,292521,,,21.78
2007-02-01,321171,300072,,,28.67
2007-03-01,317737,305479,,,22.5
2007-04-01,342084,314744,,,29.01
2007-05-01,382312,334359,,,49.57
2007-06-01,408444,347617,,,62.41
2007-07-01,416403,380971,,,62.65
2007-08-01,362475,381550,,,45.36
2007-09-01,359104,377364,,,37.18
2007-10-01,376979,392543,,,40.82
2007-11-01,379593,426721,,,28.72
2007-12-01,355292,456353,,,17.15
2008-01-01,365592,474496,,,17.36
2008-02-01,377088,454785,,,17.41
2008-03-01,349419,488831,,,9.97
2008-04-01,332303,472371,,,-2.86
2008-05-01,341610,470188,,,-10.65
2008-06-01,346892,499634,,,-15.07
2008-07-01,343297,519226,,,-17.56
2008-08-01,324814,530042,,,-10.39
2008-09-01,345745,381702,,,-3.72
2008-10-01,277568,383429,,,-26.37
2008-11-01,227334,364232,,,-40.11
2008-12-01,210185,345713,,,-40.84
2009-01-01,205007,316763,,,-43.92
2009-02-01,199655,310503,,,-47.05
2009-03-01,203967,291927,,,-41.63
2009-04-01,208010,285658,,,-37.4
2009-05-01,214401,275313,,,-37.24
2009-06-01,217140,283874,,,-37.4
2009-07-01,228734,277082,,,-33.37
2009-08-01,236251,281989,,,-27.27
2009-09-01,254107,287196,,,-26.5
2009-10-01,265404,299858,,,-4.38
2009-11-01,250988,284071,,,10.4
2009-12-01,262399,281043,,,24.84
2010-01-01,266455,281035,,,29.97
2010-02-01,263657,106131,164624.0,-7098.0,32.06
2010-03-01,277798,108908,162169.0,6721.0,36.2
2010-04-01,295550,111217,160630.0,23703.0,42.08
2010-05-01,268566,114051,166706.0,-12191.0,25.26
2010-06-01,263202,114265,172908.0,-23971.0,21.21
2010-07-01,267468,106290,172179.0,-11001.0,16.93
2010-08-01,268371,106870,174209.0,-12708.0,13.6
2010-09-01,288540,114321,173544.0,675.0,13.55
2010-10-01,303428,114784,176588.0,12056.0,14.33
2010-11-01,309340,119305,176805.0,13230.0,23.25
2010-12-01,313678,126098,182426.0,5154.0,19.54
2011-01-01,326868,130894,173545.0,22429.0,22.67
2011-02-01,348979,135760,179102.0,34117.0,32.36
2011-03-01,355413,133386,170139.0,51888.0,27.94
2011-04-01,360883,133131,175399.0,52353.0,22.11
2011-05-01,355736,133727,175508.0,46501.0,32.46
2011-06-01,345273,139575,183547.0,22151.0,31.18
2011-07-01,344572,138316,182957.0,23299.0,28.83
2011-08-01,308866,135508,193533.0,-20175.0,15.09
2011-09-01,298277,141806,204307.0,-47836.0,3.37
2011-10-01,317028,133639,188141.0,-4752.0,4.48
2011-11-01,303930,132934,188259.0,-17263.0,-1.75
2011-12-01,301616,142533,189143.0,-30060.0,-3.85
2012-01-01,309844,137309,174889.0,-2354.0,-5.21
2012-02-01,323021,139609,177639.0,5773.0,-7.44
2012-03-01,330815,142297,182814.0,5704.0,-6.92
2012-04-01,335154,138909,182021.0,14224.0,-7.13
2012-05-01,315147,139111,187938.0,-11902.0,-11.41
2012-06-01,320952,138937,192149.0,-10134.0,-7.04
2012-07-01,313525,124330,194741.0,-5546.0,-9.01
2012-08-01,320395,124276,196786.0,-667.0,3.73
2012-09-01,339159,129389,205176.0,4594.0,13.71
2012-10-01,342325,124800,200406.0,17119.0,7.98
2012-11-01,351441,135650,202425.0,13366.0,15.63
2012-12-01,355009,162206,211576.0,-18773.0,17.7
2013-01-01,388123,142856,199709.0,45558.0,25.26
2013-02-01,390351,142123,208682.0,39546.0,20.84
2013-03-01,403933,144530,197887.0,61516.0,22.1
2013-04-01,408677,140706,191719.0,76252.0,21.94
2013-05-01,401606,146765,199756.0,55085.0,27.43
2013-06-01,407681,150093,200308.0,57280.0,27.02
2013-07-01,412101,144495,194790.0,72816.0,31.44
2013-08-01,414442,143808,195181.0,75453.0,29.35
2013-09-01,432852,149895,197780.0,85177.0,27.63
2013-10-01,445022,151494,199889.0,93639.0,30.0
2013-11-01,456378,150214,199153.0,107011.0,29.86
2013-12-01,478502,157000,197521.0,123981.0,34.79
2014-01-01,487549,151878,195863.0,139808.0,25.62
2014-02-01,502093,154049,190312.0,157732.0,28.63
2014-03-01,487932,156083,194461.0,137388.0,20.8
2014-04-01,475195,149801,194679.0,130715.0,16.28
2014-05-01,475362,150474,188551.0,136337.0,18.37
2014-06-01,502270,160293,184723.0,157254.0,23.2
2014-07-01,498671,155931,177981.0,164759.0,21.01
2014-08-01,501000,155245,180820.0,164935.0,20.89
2014-09-01,503901,161621,183243.0,159037.0,16.41
2014-10-01,492888,158624,185193.0,149071.0,10.76
2014-11-01,496341,158420,184227.0,153694.0,8.76
2014-12-01,495756,169295,181223.0,145238.0,3.61
2015-01-01,485872,163599,178259.0,144014.0,-0.34
2015-02-01,504923,168371,170930.0,165622.0,0.56
2015-03-01,518055,171625,170074.0,176356.0,6.17
2015-04-01,549964,168430,167073.0,214461.0,15.73
2015-05-01,541671,166334,169076.0,206261.0,13.95
2015-06-01,547957,170614,168441.0,208902.0,9.1
2015-07-01,530744,168659,169132.0,192953.0,6.43
2015-08-01,515960,175647,168692.0,171621.0,2.99
2015-09-01,497279,173760,167132.0,156387.0,-1.31
2015-10-01,513941,174437,163210.0,176294.0,4.27
2015-11-01,515410,174607,165584.0,175219.0,3.84
2015-12-01,503444,181812,159677.0,161955.0,1.55
2016-01-01,487200,180616,162825.0,143759.0,0.27
2016-02-01,474156,178989,168308.0,126859.0,-6.09
2016-03-01,483909,182673,172525.0,128711.0,-6.59
2016-04-01,495178,176016,187000.0,132162.0,-9.96
2016-05-01,489867,177161,187495.0,125211.0,-9.56
2016-06-01,487636,186233,189585.0,111818.0,-11.01
2016-07-01,513221,183435,188155.0,141631.0,-3.3
2016-08-01,510157,177764,185695.0,146698.0,-1.12
2016-09-01,540615,184757,182833.0,173025.0,8.71
2016-10-01,523760,182051,182986.0,158723.0,1.91
2016-11-01,539972,179598,187085.0,173289.0,4.77
2016-12-01,529372,188062,189979.0,151331.0,5.15
2017-01-01,553557,186301,186029.0,181227.0,13.62
2017-02-01,568637,185720,184598.0,198319.0,19.93
2017-03-01,577674,186892,184977.0,205805.0,19.38
2017-04-01,590797,180908,184930.0,224959.0,19.31
2017-05-01,582764,176970,185463.0,220331.0,18.96
2017-06-01,584258,176707,187500.0,220051.0,19.81
2017-07-01,594414,173195,184246.0,236973.0,15.82
2017-08-01,596567,170524,183744.0,242299.0,16.94
2017-09-01,606334,172872,183599.0,249863.0,12.16
2017-10-01,607838,169368,184047.0,254423.0,16.05
2017-11-01,627422,170948,185312.0,271162.0,16.2
2017-12-01,642798,172999,182773.0,287026.0,21.43
2018-01-01,665716,168450,181763.0,315503.0,20.26
2018-02-01,645064,164657,183267.0,297140.0,13.44
2018-03-01,645235,166148,180751.0,298336.0,11.7
2018-04-01,652303,155989,179410.0,316904.0,10.41
2018-05-01,668940,155344,181890.0,331706.0,14.79
2018-06-01,646931,157150,179399.0,310382.0,10.73
2018-07-01,652790,148947,178299.0,325544.0,9.82
2018-08-01,652395,148873,178601.0,324921.0,9.36
2018-09-01,648126,151384,188152.0,308590.0,6.89
2018-10-01,607645,148037,183432.0,276176.0,-0.03
2018-11-01,592593,146452,178810.0,267331.0,-5.55
2018-12-01,554285,159572,190743.0,203970.0,-13.77
2019-01-01,568433,151804,186050.0,230579.0,-14.61
2019-02-01,581205,149686,181955.0,249564.0,-9.9
2019-03-01,574013,141074,180765.0,252174.0,-11.04
2019-04-01,588721,143802,178523.0,266396.0,-9.75
2019-05-01,568751,137489,179019.0,252243.0,-14.98
2019-06-01,596304,139826,179542.0,276936.0,-7.83
2019-07-01,602139,138703,182613.0,280823.0,-7.76
2019-08-01,564894,135567,181451.0,247876.0,-13.41
2019-09-01,555910,150648,187887.0,217375.0,-14.23
2019-10-01,554604,145650,183966.0,224988.0,-8.73
2019-11-01,563482,146935,186866.0,229681.0,-4.91
2019-12-01,579221,151543,186315.0,241363.0,4.5
2020-01-01,561812,152854,186847.0,222111.0,-1.16
2020-02-01,545127,163001,197716.0,184410.0,-6.21
2020-03-01,479291,191046,226202.0,62043.0,-16.5
2020-04-01,524696,180942,217187.0,126567.0,-10.88
2020-05-01,552543,175794,210935.0,165814.0,-2.85
2020-06-01,584676,185497,229078.0,170101.0,-1.95
2020-07-01,613830,181420,223768.0,208642.0,1.94
2020-08-01,645547,185113,215042.0,245392.0,14.28
2020-09-01,654324,189462,211547.0,253315.0,17.7
2020-10-01,659313,193293,217739.0,248281.0,18.88
2020-11-01,722118,200723,221567.0,299828.0,28.15
2020-12-01,778037,224987,227127.0,325923.0,34.32
2021-01-01,798605,224133,241220.0,333252.0,42.15
2021-02-01,813680,220840,240481.0,352359.0,49.26
2021-03-01,822551,219522,237154.0,365875.0,71.62
2021-04-01,847186,218132,233145.0,395909.0,61.46
2021-05-01,861626,213356,234992.0,413278.0,55.94
2021-06-01,882103,221862,239290.0,420951.0,50.87
2021-07-01,844324,215463,195762.0,433099.0,37.55
2021-08-01,911545,219365,198913.0,493267.0,41.21
2021-09-01,903117,229279,205564.0,468274.0,38.02
2021-10-01,935862,226159,200548.0,509155.0,41.95
2021-11-01,918598,235638,211623.0,471337.0,27.21
2021-12-01,910021,250435,215116.0,444470.0,16.96
2022-01-01,829637,247752,194545.0,387340.0,3.89
2022-02-01,835255,250686,195269.0,389300.0,2.65
2022-03-01,799660,256076,196008.0,347576.0,-2.78
2022-04-01,772940,242724,188652.0,341564.0,-8.76
2022-05-01,752944,244857,184151.0,323936.0,-12.61
2022-06-01,683445,249399,186931.0,247115.0,-22.52
2022-07-01,696781,232147,177054.0,287580.0,-17.47
2022-08-01,687787,226182,175974.0,285631.0,-24.55
2022-09-01,664009,223400,173050.0,267559.0,-26.48
2022-10-01,649618,216057,172976.0,260585.0,-30.59
2022-11-01,643783,205158,165434.0,273191.0,-29.92
2022-12-01,606659,205902,164065.0,236692.0,-33.34
2023-01-01,641228,208720,161224.0,271284.0,-22.71
2023-02-01,624379,198644,159103.0,266632.0,-25.25
2023-03-01,645429,191618,152014.0,301797.0,-19.29
2023-04-01,631949,175460,145594.0,310895.0,-18.24
2023-05-01,644170,178576,147377.0,318217.0,-14.45
2023-06-01,681228,181569,145173.0,354486.0,-0.32
2023-07-01,709834,174804,147921.0,387109.0,1.87
2023-08-01,689185,177711,145989.0,365485.0,0.2
2023-09-01,680846,153918,141751.0,385177.0,2.54
2023-10-01,635276,162865,142117.0,330294.0,-2.21
2023-11-01,660887,171207,146319.0,343361.0,2.66
2023-12-01,700774,161639,147019.0,392116.0,15.51
2024-01-01,701975,165025,144941.0,392009.0,9.47
2024-02-01,742963,166144,150620.0,426199.0,18.99
2024-03-01,784136,166990,151339.0,465807.0,21.49
2024-04-01,775464,161749,149855.0,463860.0,22.71
2024-05-01,809431,155256,145072.0,509103.0,25.65
2024-06-01,809322,157240,149714.0,502368.0,18.8
2024-07-01,810835,154951,150738.0,505146.0,14.23
2024-08-01,797162,148702,152107.0,496353.0,15.67
2024-09-01,813211,167901,158358.0,486952.0,19.44
2024-10-01,815369,173621,164813.0,476935.0,28.35
2024-11-01,890852,170052,167223.0,553577.0,34.8
2024-12-01,899168,181280,175795.0,542093.0,28.31
2025-01-01,937253,178301,166346.0,592606.0,33.52
2025-02-01,918144,183278,176051.0,558815.0,23.58
2025-03-01,880316,189855,176161.0,514300.0,12.27
2025-04-01,850558,187958,175824.0,486776.0,9.68
2025-05-01,920960,187685,176698.0,556577.0,13.78
2025-06-01,1007961,200573,185584.0,621804.0,24.54
2025-07-01,1022548,194712,186672.0,641164.0,26.11
2025-08-01,1059723,188221,181563.0,689939.0,32.94
2025-09-01,1126494,204106,194884.0,727504.0,38.52
2025-10-01,1183654,197923,195376.0,790355.0,45.17
2025-11-01,1214321,202131,194418.0,817772.0,36.31
2025-12-01,1225597,211720,199762.0,814115.0,36.3
2026-01-01,1279042,203700,196911.0,878431.0,36.47
2026-02-01,1253192,205060,200047.0,848085.0,36.49
2026-03-01,1220922,221860,205600.0,793462.0,38.69
2026-04-01,1304281,217836,215445.0,871000.0,53.34
2026-05-01,1415557,206600,217256.0,991701.0,53.7
2026-06-01,1502072,217441,223412.0,1061219.0,49.02
2026-07-01,1417225,205132,217305.0,994788.0,38.6
2026-08-01,1453832,207641,217499.0,1028692.0,37.19
